0,"A Good Librarian Like a Good Shepherd",Corius,2100,"Economical",12,67778
1,"A Plague Tale: Innocence",Runesmith,2091,"Global Wargame",12,9231
2,"A Short Hike",Tagore,2020,"Movie-based game",0,17613
3,"A Story About My Uncle",Marana,2083,"Dungeon crawl",0,57169
4,"A Way Out",Anargas,2117,"Family",12,17734
5,"A.R.S.E.N.A.L.",Whiteseeker,2015,"Family",6,18149
6,"A3!",Conjurn,2019,"Computer Role-Playing Game",21,3576
7,"A Reckless Disregard for Gravity",Snowworker,2054,"Non-linear",0,63001
8,"Aah! Harimanada",Axehunter,2063,"Zero Player Game",14,47758
9,"Abadox: The Deadly Inner War",Ishnginn,2073,"Side-scroller",12,54229
10,"Abandoned Places",Melar,2101,"Open-ended simulation",6,70471
11,"Abandoned Places 2",Bo,2118,"Real-time tactic",14,56864
12,"Abi: A Robot s Tale",Bludwing,2070,"RTT",21,12874
13,"Abrams Battle Tank",Ananara,2087,"Dating Sim",6,77453
14,"Absolute Obedience",Kathrimand,2079,"Puzzle",12,84548
15,"Absolver",Morin,2114,"Turn-based strategy",14,6592
16,"Abyss",Akikus,2097,"TBS",18,24391
17,"Abzû",Agagelv,2067,"Espionage",12,7349
18,"Accel World",Mavejurus,2106,"Death Racing",21,74774
19,"Ace Combat 2",Mikasar,2095,"Hentai",0,64434
20,"Ace Combat 3: Electrosphere",Bludwing,2069,"Puzzle",18,76298
21,"Ace Combat 7: Skies Unknown",Adonius,2002,"Shooter",21,7149
22,"Ace Combat X: Skies of Deception",Daimuro,2057,"Real-time tactic",0,38042
23,"Ace Combat: Assault Horizon",Ishnri,2016,"Action-RPG",21,97755
24,"Ace Combat: Assault Horizon Legacy",Nuadarius,2112,"Global Wargame",14,62431
25,"Ace of Spades",Voodoolkis,2064,"Strategy",0,28492
26,"Ace Online",Whispermane,2060,"Family",6,28852
27,"Ace Ventura: The CD-Rom Game",Marindis,2100,"Construction",0,66588
28,"Acid Drop",Ironwing,2040,"Roguelike",14,71717
29,"Act of War: Direct Action",Stonecrusher,2117,"Point & click adventure",12,65536
30,"Action 52",Ananara,2058,"Death Racing",0,32179
31,"Action Half-Life",Bludfont,2056,"Survival horror",18,5525
32,"Active Worlds",Arcaneworm,2014,"City-building",6,10707
33,"ActRaiser",Moogurr,2068,"Stealth-Action",12,72583
34,"ActRaiser 2",Malagar,2076,"Sport",21,91194
35,"The Addams Family",Matus,2034,"City-building",18,42963
36,"Addams Family Values",Whiteseeker,2086,"Building",6,80085
37,"Adrift",Celmeena,2006,"RTT",18,72247
38,"Advent Rising",Thorne,2085,"Action-adventure",21,16082
39,"Adventure (1979)",Ironwing,2086,"MMORPG",14,618
40,"Adventure Island",Sinwind,2092,"Board game",14,6274
41,"Adventure Island II",Voodoolkis,2066,"RPG",12,16396
42,"Adventure Island III",Monadar,2012,"Fantasy",12,8561
43,"Adventure Island IV",Kazishakar,2101,"Acrcade",12,92781
44,"Adventure Time: Hey Ice King!",Granilanim,2084,"RTT",6,8357
45,"Adventures in the Magic Kingdom",Malalace,2119,"CRPG",0,64216
46,"The Adventures of Batman & Robin",Nazel,2070,"Run and gun",21,45343
47,"Adventures of Lolo",Steelfury,2110,"Action-adventure",12,97839
48,"Adventures of Poco Eco: Lost Sounds",Thorgalv,2048,"Mini games",18,32365
49,"Adventures of Sherlock Holmes.",Mikasar,2001,"Fighting",0,66408
50,"The Adventures of Tintin: Secret of the Unicorn",Runesmith,2077,"Match 3",12,33576
51,"Aerial Assault",Tygrarana,2058,"Tycoon",21,41674
52,"Aero the Acro-Bat",Bludfont,2111,"Runner",18,41104
53,"Aero the Acro-Bat 2",Kulalas,2101,"Rail shooter",0,81682
54,"Aerobiz",Zolosho,2025,"Tower Defense",0,35801
55,"Aerobiz Supersonic",Andromagar,2012,"Extreme sport",12,14484
56,"Affected Zone Tactics",Starfire,2099,"Zen",12,75838
57,"After Burner",Yggrius,2106,"Movie-based game",6,80745
58,"After Burner Climax",Mazuzragore,2083,"TBS",18,16290
59,"After Burner II",Malagar,2060,"Browser RPG",21,69427
60,"After Burner III",Nuarne,2066,"Gamble",0,41127
61,"After Burner: Black Falcon",Balladobandis,2014,"Dance",6,97002
62,"After the End: Forsaken Destiny",Ananara,2004,"Test",6,74750
63,"Afterfall: Insanity",Kulalas,2062,"MMORPG",14,813
64,"Afterlife",Drelarus,2070,"Death Racing",18,80971
65,"Afterparty",Anamath,2000,"Sport",6,92176
66,"Against Rome",Fegor,2057,"Gamble",6,28772
67,"Agar.io",Mazuzragore,2095,"Turn-based strategy",18,8135
68,"Agartha",Bolace,2076,"Dungeon crawl",12,82238
69,"Agatha Christie: And Then There Were None",Ishnri,2027,"TD",12,60797
70,"Agatha Christie: Evil Under the Sun",Mazragore,2051,"God sim",21,45488
71,"Agatha Christie: Murder on the Orient Express",Ygglanim,2116,"Simulation racer",12,18447
72,"Age of Ascent",Anayarus,2028,"MOBA",18,568
73,"Age of Chivalry",Batius,2017,"Zero Player Game",6,88665
74,"Age of Conan: Unchained",Daimuro,2116,"Classic Quest",6,266
75,"Age of Empires",Thorne,2099,"Virtual pet",21,74078
76,"Age of Empires II: Definitive Edition",Voodoolkis,2013,"Artipicial Life game",12,68828
77,"Age of Empires II: HD Edition",Doomstaff,2111,"Building",21,48481
78,"Age of Empires II: The Age of Kings",Goltishicage,2083,"Artillery game",6,88994
79,"Age of Empires II: The Conquerors",Muni,2021,"Multiplayer online battle arena",21,90079
80,"Age of Empires III",Zolotaxe,2074,"MMORTS",18,47447
81,"Age of Empires III: The Asian Dynasties",Joron,2064,"Co-op",21,64295
82,"Age of Empires III: The WarChiefs",Kelenin,2029,"Indie game",0,28048
83,"Age of Empires IV",Lairdana,2022,"Competitive",0,20741
84,"Age of Empires Online",Andromagar,2112,"Danmaku",14,41629
85,"Age of Empires: Mythologies",Nikoshura,2097,"TD",0,31521
86,"Age of Empires: The Age of Kings",Migar,2007,"Casual game",18,63304
87,"Age of Empires: The Rise of Rome",Shalirn,2035,"Real-time strategy",14,43668
88,"Age of Mythology",Adorari,2039,"Sandbox",12,36815
89,"Age of Mythology: The Titans",Thetadora,2111,"Zen",18,27967
90,"Age of Wonders",Magewarden,2069,"Turn-based strategy",18,63991
91,"Age of Wonders",Kathrimand,2068,"Massively multiplayer",0,13443
92,"Age of Wonders II: The Wizard s Throne",Malalace,2084,"Real-time 2D adventure",14,2111
93,"Age of Wonders III",Shadowstalker,2049,"Interactive fiction",14,52956
94,"Age of Wonders: Planetfall",Mikasar,2087,"Sandbox",21,48247
95,"Age of Wonders: Shadow Magic",Granilanim,2026,"MicroControl",21,81931
96,"Agent",Tesho,2117,"Multi User Dungeon",18,89195
97,"Agent A",Mezirn,2062,"Music game",18,79524
98,"Agents of Mayhem",Tygrarana,2115,"Electronic sports",12,90757
99,"Agony (  2018)",Kazahn,2057,"Hidden object",0,14184
100,"Aion",Steelfury,2007,"Education",0,45304
101,"AionGuard",Kazahn,2049,"OldSchool Action",21,74819
102,"Air",Monadar,2092,"Third-person action",14,61835
103,"Air Buster",Tagore,2013,"Electronic sports",0,66944
104,"Air Conflicts",Ianlune,2090,"Sim Strategy",0,28851
105,"Air Fortress",Mavejurus,2000,"RTS",0,9562
106,"AirCars",Andromagar,2113,"Clicker",18,47782
107,"Airport Tycoon 3",Moranin,2063,"Light gun",18,33235
108,"Akai Ito",Stoneray,2027,"Hero",0,7664
109,"Akalabeth: World of Doom",Fordrebandis,2096,"Business",18,48001
110,"Akaneiro ni Somaru Saka",Alsariel,2076,"Match 3",6,69774
111,"Akira",Snowseeker,2113,"Tower Defense",6,81308
112,"Akumajou Special: Boku Dracula-kun",Bralmaran,2005,"Point & click adventure",18,45801
113,"Aladdin s Chess Adventures",Doomstone,2105,"MMOFPS",21,98213
114,"Aladdin s Magic Carpet Racing",Tabei,2031,"Logic",0,54326
115,"Alan Wake",Snowworker,2111,"Multiplayer online battle arena",6,43261
116,"Alan Wake s American Nightmare",Blackhunter,2064,"Test",21,17281
117,"Albion Online",Goltigrel,2061,"Grand strategy wargame",18,35468
118,"Alekhine s Gun",Snowseeker,2090,"Battle Racing",0,83948
119,"Alex Kidd BMX Trial",Axehunter,2065,"Adventure",6,47893
120,"Alex Kidd in Miracle World",Tesho,2033,"Hack & Slash",18,17624
121,"Alex Kidd in Shinobi World",Basius,2014,"Roguelike",18,35076
122,"Alex Kidd in the Enchanted Castle",Zolotaxe,2111,"Roguelike",18,3929
123,"Alex Kidd: High-Tech World",Brazil,2021,"Eroge",14,30915
124,"Alex Kidd: The Lost Stars",Dawnwing,2111,"MMOFPS",0,32630
125,"Alexander",Chillwind,2034,"Business",21,52646
126,"ALF",Peginn,2050,"Text adventure",0,21900
127,"Alfred Chicken",Tuhn,2088,"Computer Role-Playing Game",0,81850
128,"Alias",Runeconjuror,2113,"Third-person shooter",18,34668
129,"Alice in Wonderland (  2010)",Moogur,2115,"Action-RPG",6,37361
130,"Alice: Madness Returns",Kathrimand,2005,"Tower Defense",0,38784
131,"Alien (  1982)",Stoneray,2007,"Battle Racing",14,45393
132,"Alien (  1984)",Nuarne,2028,"Virtual pet",21,84191
133,"Alien 3 (  NES)",Nazel,2097,"Puzzle",14,95071
134,"Alien 3: The Gun",Goltishicage,2085,"Trivia game",21,38966
135,"Alien Brigade",Alsariel,2025,"Survival horror",6,5665
136,"Alien Legacy",Corius,2041,"Arcade racer",0,39005
137,"Alien Rage",Ianzius,2102,"TD",18,76670
138,"Alien Resurrection",Shadowstalker,2094,"Point & click adventure",18,38093
139,"Alien Shooter",Mavejurus,2001,"Management simulation",21,34309
140,"Alien Shooter 2",Cenius,2098,"Clicker",0,36973
141,"Alien Shooter: Revisited",Kazishakar,2021,"MMOFPS",12,79997
142,"Alien Soldier",Alsariel,2094,"Rhythm game",14,30854
143,"Alien Swarm",Gagas,2119,"Sim Strategy",6,76816
144,"Alien Trilogy",Bludskin,2094,"Gamble",0,11332
145,"Alien vs Predator (Jaguar)",Marana,2120,"Platformer 3D",6,29867
146,"Alien vs Predator (SNES)",Snowworker,2098,"Sim Strategy",12,20119
147,"Alien vs Predator: The Last of His Clan",Cordann,2098,"Statistical sport",0,29679
148,"Alien: Isolation",Kerne,2056,"Espionage",21,90738
149,"Aliens versus Predator",Anamath,2035,"Open-ended simulation",0,31773
150,"Aliens versus Predator (  2010)",Tojagal,2001,"Match 3",18,54335
151,"Aliens versus Predator 2",Buridred,2002,"Survival horror",14,73121
152,"Aliens versus Predator 2: Primal Hunt",Doomsong,2071,"Simulation racer",12,24087
153,"Aliens: Colonial Marines",Snowworker,2005,"Tycoon",6,66214
154,"Alisia Dragoon",Perilbine,2083,"Shoot'em up",18,61714
155,"All New World of Lemmings",Kerad,2080,"Choices",14,8355
156,"All or Nothing",Fegor,2083,"Simulator",6,9303
157,"All Points Bulletin",Moranin,2081,"Hentai",14,23528
158,"All Star Pro-Wrestling",Gagas,2087,"TBS",14,22431
159,"Alley Cat",Ygglanim,2055,"Education",12,47867
160,"Alliance of Valiant Arms",Chillwind,2064,"Acrcade",18,15940
161,"Allied General",Malalace,2079,"Platformer 2D",0,27133
162,"Allison Road",Rageeye,2051,"Crawler",12,72383
163,"Allison to Lillia",Perilbine,2002,"Tactic",18,17783
164,"Alone in the Dark (  1992)",Sinwind,2010,"Tower Defense",12,97301
165,"Alone in the Dark (  2008)",Kathrimand,2062,"Interactive fiction",21,76194
166,"Alone in the Dark 2",Gagas,2005,"Electronic sports",14,6051
167,"Alone in the Dark 3",Daginn,2070,"Vehicle simulation",6,86407
168,"Alone in the Dark: Illumination",Kazahn,2107,"Browser RPG",21,51162
169,"Alone in the Dark: The New Nightmare",Fegor,2032,"Free to play",0,38022
170,"Sid Meier s Alpha Centauri",Kaktilar,2057,"Real-time strategy",21,75322
171,"Alpha Protocol",Snowseeker,2002,"RPG",21,15286
172,"Alphaputt",Periris,2070,"Construction",14,4059
173,"Alpine Racer",Adorari,2005,"Massively multiplayer",12,90396
174,"Alpine Racer 2",Kerad,2111,"Tactic PRG",12,70872
175,"Alpine Racer 3",Magewarden,2069,"Espionage",21,20633
176,"Alter Ego (  1986)",Dorizel,2042,"Fishing",18,52651
177,"Altered Beast",Shalirn,2056,"MMORTS",18,87214
178,"Alto Trek",Mnege,2065,"First-Person",21,68588
179,"Alto s Adventure",Opiril,2046,"Microgame",14,27063
180,"Alundra",Bolace,2006,"Horror",14,24485
181,"Alundra 2: A New Legend Begins",Malagar,2093,"Real-time 2D adventure",6,55744
182,"Amagami",Bludwing,2006,"Metroidvania",0,65690
183,"Amagon",Kazrajar,2114,"Flight simulation",14,81816
184,"The Amazing Spider-Man (  2012)",Bonaya,2117,"Co-op",6,12623
185,"The Amazing Spider-Man vs. The Kingpin",Fordrebandis,2091,"Open world",12,61789
186,"Amazon: Guardians of Eden",Ballasida,2007,"Hero",0,19824
187,"America: No Peace Beyond the Line",Matus,2017,"Battle Racing",21,34601
188,"America s Army",Ygglanim,2066,"Sport",21,52524
189,"American McGee s Alice",Adoghma,2066,"Roguelike",14,80994
190,"American McGee s Grimm",Buridred,2119,"Space sim",12,10082
191,"American Truck Simulator",Blackhunter,2056,"Dangeon Crawler",0,9773
192,"Amerzone",Whiteseeker,2092,"Fantasy",0,98272
193,"Amnesia: A Machine for Pigs",Thorgalv,2052,"Text adventure",12,13924
194,"Amnesia: The Dark Descent",Stoneray,2043,"Battle Racing",12,49330
195,"Among the Sleep",Shadowstalker,2015,"Massively multiplayer",12,26246
196,"An American Tail.",Periris,2046,"Eroge",0,53209
197,"An Elder Scrolls Legend: Battlespire",Snowworker,2041,"Computer Role-Playing Game",0,75215
198,"Baccano!",Ballath,2051,"Arcade racer",6,89731
199,"Back to the Future (  1985)",Kazrakree,2106,"Grand strategy wargame",14,60920
200,"Back to the Future (  1989)",Zolosho,2017,"Hunting",18,74257
201,"Back to the Future II",Yozshubar,2095,"Cardgame",18,64101
202,"Back to the Future II & III",Opiril,2071,"Match 3",6,31581
203,"Back to the Future III",Miralune,2098,"Choices",14,50132
204,"Back to the Future: The Game",Marindis,2115,"Movie-based game",18,61001
205,"Back to the Future: The Game. Episode 1: It s About Time",Zolosho,2029,"Clicker",21,60451
206,"Back to the Future: The Game. Episode 2: Get Tannen!",Arcaneworm,2011,"Flight simulation",6,93003
207,"Back to the Future: The Game. Episode 3: Citizen Brown",Kim,2109,"Strategy",0,95973
208,"Back to the Future: The Game. Episode 4: Double Visions",Brazil,2028,"Real-time tactic",6,8154
209,"Back to the Future: The Game. Episode 5: Outatime",Gagas,2021,"Action-adventure",12,90810
210,"Backbreaker",Bralmaran,2045,"Open-ended simulation",18,87308
211,"Bad Day L.A.",Ananara,2101,"Self improvment games",0,36280
212,"Bad Day on the Midway",Shalirn,2106,"True RPG",14,69913
213,"Bad Mojo",Nilalanim,2080,"Strategy",0,76907
214,"Bad Piggies",Cenius,2058,"Programming game",14,2369
215,"Bahamut Lagoon",Malagar,2098,"Massively multiplayer",12,6325
216,"Baka to Test to Shoukanjuu",Opilen,2092,"Manager",12,57482
217,"Baldi s Basics in Education and Learning",Faerisar,2076,"Construction",21,87696
218,"Baldies",Miralune,2060,"Singlplayer",0,85040
219,"Baldr Sky",Akikus,2001,"Combat",21,62979
220,"Baldur s Gate",Tuhn,2039,"Espionage",0,87980
221,"Baldur s Gate II: Enhanced Edition",Sterndweller,2034,"Side-scroling shooter",14,88301
222,"Baldur s Gate II: Shadows of Amn",Meztidal,2114,"TBS",14,88684
223,"Baldur s Gate II: Throne of Bhaal",Dalanara,2084,"Competitive",18,45273
224,"Baldur s Gate III",Stonecrusher,2064,"Casual game",18,72602
225,"Baldur s Gate: Dark Alliance",Voodoolkis,2033,"Run and gun",6,40078
226,"Baldur s Gate: Dark Alliance II",Brazil,2098,"Cardgame",18,2534
227,"Baldur s Gate: Enhanced Edition",Peginn,2075,"Interactive fiction",12,64787
228,"Baldur s Gate: Siege of Dragonspear",Anargas,2016,"OldSchool Action",12,95359
229,"Baldur s Gate: Tales of the Sword Coast",Doomsong,2014,"Action-RPG",6,41747
230,"The Ball",Magewarden,2097,"Quest",18,839
231,"Ballance",Morlumand,2078,"Computer Role-Playing Game",18,87812
232,"Ballblazer",Nikorr,2104,"Vehicle simulation",18,76794
233,"Balloon Fight",Akikus,2054,"Test",14,19750
234,"Band Hero",Kajisida,2020,"Pinball",18,92909
235,"BanG Dream!",Nuarne,2036,"Contact",18,51384
236,"Banished",Mazulmaran,2054,"Browser-based",0,42623
237,"Banjo-Kazooie",Kijinn,2098,"True RPG",12,9117
238,"Banjo-Kazooie: Nuts & Bolts",Dorizel,2046,"Global Strategy",12,397
239,"Bank Panic",Kijinn,2105,"Shoot'em up",12,3512
240,"The Banner Saga",Malajurus,2059,"Mini games",6,62541
241,"Barbarian",Kazrakree,2063,"Simulation sport",0,69118
242,"Barbarian: The Ultimate Warrior",Fegor,2110,"Extreme sport",21,11940
243,"The Bard s Tale (1985)",Truthstalker,2018,"Manager",14,32074
244,"The Bard s Tale (2004)",Mera,2084,"Sim Strategy",6,89354
245,"Barkley Shut Up and Jam!",Balladomeena,2017,"Choices",6,93392
246,"Barnstorming",Malolak,2100,"Survival horror",6,30465
247,"Barnyard",Rageeye,2020,"RTT",12,17809
248,"Bastion",Melar,2096,"Artillery game",18,69665
249,"Batman",Melar,2055,"Metroidvania",6,11703
250,"Batman (  1986)",Ironfist,2102,"Bullet Hell",18,68861
251,"Batman",Runesmith,2056,"Board game",21,59875
252,"Batman (NES)",Magewarden,2070,"Racing",14,77202
253,"Batman (Sega Mega Drive)",Adoghma,2052,"Spy",12,89496
254,"Batman & Robin",Yggrius,2047,"MMOFPS",21,9561
255,"Batman Begins",Runeconjuror,2049,"Free to play",12,36223
256,"Batman Beyond: Return of the Joker",Kerad,2040,"Fantasy",18,26819
257,"Batman Forever",Perdred,2052,"Casual game",6,62497
258,"Batman Forever: The Arcade Game",Yozshubar,2040,"RTT",14,80981
259,"Batman Returns (  Aspect)",Sinwind,2035,"Strategy",6,74053
260,"Batman Returns (  Konami)",Anaragda,2103,"Real-time strategy",0,26645
261,"Batman Returns (  Malibu Interactive)",Meztidal,2098,"Business",14,51137
262,"Batman Returns (  Spirit of Discovery)",Mavemeena,2012,"Death Racing",18,29459
263,"Batman: Arkham Asylum",Kigashura,2053,"Survival",21,45728
264,"Batman: Arkham City",Mazuzragore,2005,"Space sim",18,20990
265,"Batman: Arkham City Lockdown",Mikasar,2093,"Manager",21,472
266,"Batman: Arkham Knight",Bludskin,2072,"Arcade racer",12,678
267,"Batman: Arkham Origins",Malalace,2060,"Fishing",18,22092
268,"Batman: Arkham Origins Blackgate",Whispermane,2055,"Shooter",6,37980
269,"Batman: Arkham VR",Shaktiran,2005,"Economical",12,16963
270,"Batman: Chaos in Gotham",Zulkigul,2033,"Acrcade",12,41092
271,"Batman: Dark Tomorrow",Mikasar,2067,"Spy",14,21896
272,"Batman: Gotham City Racer",Meztidal,2085,"Indie game",14,92321
273,"Batman: Return of the Joker",Mazragore,2005,"Interactive Movie",21,48505
274,"Batman: Rise of Sin Tzu",Dorizel,2039,"Space sim",0,40751
275,"Batman: The Animated Series",Kelenin,2051,"Real-time 2D adventure",18,65167
276,"Batman: The Brave and the Bold — The Videogame",Zolotaxe,2088,"Music game",6,17822
277,"Batman: The Caped Crusader",Spellterror,2043,"Co-op",0,41949
278,"Batman: The Enemy Within",Dawnwing,2077,"Simulation racer",12,30304
279,"Batman: The Telltale Series",Bralmaran,2117,"Global Wargame",0,71150
280,"Batman: Toxic Chill",Shaliris,2035,"Strategy",14,17859
281,"Batman: Vengeance",Perdred,2008,"Party game",21,54450
282,"Battle Brothers",Zolotaxe,2016,"Platformer 3D",12,45087
283,"Battle Bugs",Malalace,2045,"Electronic sports",18,63675
284,"Battle Carnival",Monadar,2023,"Arcade racer",6,23840
285,"Battle Chasers: Nightwar",Thorgalv,2012,"Acrcade",14,17121
286,"Battle Chess",Yggrius,2040,"Zero Player Game",12,44637
287,"Battle City",Nilalanim,2116,"Point & click adventure",6,3131
288,"Battle Engine Aquila",Cenius,2060,"Tower Defense",21,44415
289,"Battle for Graxia",Kikree,2029,"Artillery game",14,9780
290,"Battle for Wesnoth",Chillwind,2009,"Maze",14,73097
291,"Battle Girl High School",Shalilmeena,2008,"Pinball",18,66808
292,"Battle Hunter",Shadowstalker,2102,"Competitive",6,91730
293,"Battle Mania",Ironbreaker,2008,"Real-time strategy",18,10040
294,"Battle Out Run",Yggrin,2022,"Hero",14,41747
295,"Battle Realms",Kikree,2094,"Party game",0,87462
296,"Battle Realms: Winter of the Wolf",Yorr,2039,"Fantasy",6,17771
297,"Battle Tank",Dawnwing,2064,"Simulation sport",12,41339
298,"BattleBlock Theater",Moogurr,2005,"Train simulation",12,93076
299,"Battleborn",Morin,2098,"Quest",6,1103
300,"Battlefield 1",Thorgalv,2067,"Family",21,20523
301,"Battlefield 2",Shalirn,2110,"Combat",18,6943
302,"Battlefield 2: Modern Combat",Opilen,2003,"Death Racing",18,33309
303,"Battlefield 3",Broadstalker,2024,"Real-time strategy",0,54446
304,"Battlefield 4",Stonecrusher,2076,"Roguelike",6,54486
305,"Battlefield 1942",Tesho,2057,"Quest",14,44736
306,"Battlefield 1942: Secret Weapons of WWII",Malajurus,2108,"Hidden object",0,9072
307,"Battlefield 1942: The Road To Rome",Dawnwing,2046,"Role-playing",14,24670
308,"Battlefield 1943",Joron,2035,"Racing",6,29317
309,"Battlefield 2142",Akikus,2101,"Crawler",21,90343
310,"Battlefield Hardline",Bolace,2011,"Toure",14,48696
311,"Battlefield Heroes",Ballath,2110,"Maze",0,57737
312,"Battlefield Play4Free",Goltigrel,2042,"Social simulation game",21,85887
313,"Battlefield V",Anayarus,2107,"Competitive",6,42590
314,"Battlefield Vietnam",Nikorr,2040,"City-building",21,68166
315,"Battlefield: Bad Company",Gragrinn,2034,"Survival horror",18,93559
316,"Battlefield: Bad Company 2",Windwood,2092,"Survival",12,71621
317,"Battlefield: Bad Company 2 Vietnam",Zulkigore,2112,"Hack & Slash",6,43860
318,"Battlefleet Gothic: Armada",Whispermane,2077,"Point & click adventure",0,88929
319,"BattleForge",Gavinrathis,2064,"First-Person",12,29298
320,"Battlefront (1986)",Anayarus,2054,"Danmaku",0,55770
321,"Battlefront (2007)",Kulalas,2082,"Dance",0,11177
322,"Battleground 2: Gettysburg",Spellterror,2066,"Indie game",14,7055
323,"Battlemorph",Goltigrel,2018,"MOBA",0,17746
324,"Battles in Normandy",Malalace,2030,"Construction",14,64033
325,"Battles of Prince of Persia",Daimuro,2091,"Third-person shooter",6,12620
326,"BattleSphere",Goltigrel,2055,"Manager",21,26107
327,"Battlestar Galactica Online",Mera,2028,"Crawler",14,37446
328,"Battlestations: Midway",Burilore,2034,"Fighting",14,38470
329,"Battlestations: Pacific",Opilen,2040,"Hack & Slash",12,98925
330,"BattleTech",Shalilmeena,2006,"MOBA",14,39854
331,"Battletoads",Bludwing,2030,"Economical",18,72536
332,"Battletoads (  2020)",Shalilmeena,2080,"Arcade racer",0,21204
333,"Battletoads (Game Boy)",Yggrin,2115,"RTT",14,6192
334,"Battletoads & Double Dragon",Thetadora,2116,"Board game",21,22886
335,"Battletoads in Battlemaniacs",Kerad,2072,"Mini games",18,26394
336,"Battlezone (  1980)",Kelenin,2014,"Tycoon",21,61284
337,"Batty",Shaktiran,2100,"Puzzle",18,72944
338,"Bayonetta",Perdred,2110,"Runner",12,6072
339,"Bayonetta 2",Kijinn,2036,"Non-linear",14,84860
340,"BeamNG.drive",Mavemeena,2110,"Platformer 3D",12,15000
341,"Beasts and Bumpkins",Dawnwing,2002,"Hidden object",21,74057
342,"Beat Angel Escalayer",Mera,2046,"God sim",14,15758
343,"Beat Hazard",Corius,2106,"Contact",14,53651
344,"Beat Saber",Ghobor,2089,"Dungeon crawl",0,17167
345,"Beaterator",Bubandis,2016,"Self improvment games",18,73102
346,"The Beatles: Rock Band",Snowseeker,2057,"RPG",12,82326
347,"Beatmania IIDX",Lightfire,2120,"Dungeon crawl",6,41076
348,"Beats of Rage",Tuhn,2090,"RTS",6,60001
349,"Beautiful Escape: Dungeoneer",Bonaya,2030,"Indie game",21,4692
350,"Beavis and Butt-head",Starbrand,2006,"Real-time tactic",12,54563
351,"Beavis and Butt-head Do U.",Kulalas,2027,"Social simulation game",12,6927
352,"Beavis and Butt-head in Virtual Stupidity",Broadstalker,2085,"Microgame",6,21050
353,"Beavis and Butt-head: Bunghole in One",Nazel,2105,"Battle Racing",6,96270
354,"BECK: Mongolian Chop Squad",Bubandis,2091,"Interactive Movie",0,42446
355,"Before Crisis: Final Fantasy VII",Voodoolkis,2054,"Competitive",21,76759
356,"The Beginner s Guide",Nikoshura,2105,"Side-scroller",21,42513
357,"Beglitched",Chillwind,2015,"Strategy",0,77165
358,"Beholder",Rageeye,2071,"Art game",14,91055
359,"Beholder 2",Tuhn,2050,"City-building",12,33623
360,"Below",Matus,2002,"Non-linear",6,81836
361,"Ben 10 Ultimate Alien: Cosmic Destruction",Opiril,2118,"OldSchool Action",6,20984
362,"Ben 10: Alien Force",Kaktilar,2061,"Computer Role-Playing Game",14,25987
363,"Ben 10: Protector of Earth",Adoghma,2094,"MMORTS",0,86121
364,"Bendy and the Ink Machine",Dalanara,2109,"Interactive fiction",6,36452
365,"Beneath a Steel Sky",Kathrimand,2078,"MicroControl",18,43628
366,"Beowulf",Balladomeena,2068,"Massive multiplayer online game",12,5806
367,"Berserk and the Band of the Hawk",Moogur,2092,"Platformer 2D",21,7561
368,"Bertie the Brain",Melar,2057,"Social simulation game",6,1949
369,"Besiege",Yozshutaur,2097,"Programming game",18,68046
370,"Betrayal at Krondor",Kerad,2040,"Simulation racer",6,54852
371,"Between the Sky and Sea",Migar,2063,"Intellectual game",18,86901
372,"Beyond Castle Wolfenstein",Doomstone,2025,"Economical",0,8954
373,"Beyond Good & Evil",Balladomeena,2023,"Turn-based tactic",21,63693
374,"Cabela s Deer Hunt: 2005 Season",Arcanecaster,2027,"Artipicial Life game",21,61065
375,"Cadence of Hyrule",Perdred,2081,"Indie game",0,68711
376,"Caesar",Sinwind,2008,"Simulation sport",18,54582
377,"Caesar III",Kathrimand,2034,"Hentai",12,89320
378,"Cake Mania",Faerisar,2026,"Multi User Dungeon",14,20030
379,"California Games",Ananara,2067,"Real-time strategy",0,22080
380,"Call of Cthulhu (  2018)",Miralune,2069,"Vehicular combat",6,29404
381,"Call of Cthulhu: Dark Corners of the Earth",Matus,2092,"Rail shooter",14,1976
382,"Call of Cthulhu: Destiny s End",Perilbine,2099,"Dungeon crawl",12,13909
383,"Call of Cthulhu: Tainted Legacy",Migar,2024,"Match 3",18,5099
384,"Call of Cthulhu: The Wasted Land",Thorne,2092,"TBS",21,64559
385,"Call of Duty",Matus,2015,"Visual novel",0,30227
386,"Call of Duty 2",Fegor,2000,"Tycoon",18,35796
387,"Call of Duty 2: Big Red One",Cenius,2085,"OldSchool Action",0,7852
388,"Call of Duty 3",Malolak,2052,"Sports-based fighting",21,16693
389,"Call of Duty 4: Modern Warfare",Whiteseeker,2076,"Real-time tactic",0,79298
390,"Call of Duty 4: Modern Warfare (Nintendo DS)",Tagore,2112,"Quest",14,74930
391,"Call of Duty: Advanced Warfare",Snowworker,2119,"Space sim",6,58139
392,"Call of Duty: Black Ops",Ballasida,2018,"Survival",6,10493
393,"Call of Duty: Black Ops – Cold War",Mudi,2061,"Browser-based",14,97801
394,"Call of Duty: Black Ops 4",Agagelv,2053,"Match 3",12,18052
395,"Call of Duty: Black Ops II",Dianadar,2044,"RTT",14,92786
396,"Call of Duty: Black Ops III",Peginn,2079,"Free to play",18,71207
397,"Call of Duty: Black Ops: Declassified",Ianzius,2054,"Zen",12,80996
398,"Call of Duty: Finest Hour",Gagas,2099,"Free to play",21,86966
399,"Call of Duty: Ghosts",Sinwind,2074,"DeathMatch",12,88290
400,"Call of Duty: Infinite Warfare",Mazuzragore,2043,"Tactic PRG",18,72339
401,"Call of Duty: Mobile",Siranius,2059,"DeathMatch",14,53409
402,"Call of Duty: Modern Warfare (  2019)",Mavemeena,2097,"Movie-based game",6,84154
403,"Call of Duty: Modern Warfare 2",Anayarus,2025,"Danmaku",0,82843
404,"Call of Duty: Modern Warfare 2: Force Recon",Ianlune,2005,"Dating Sim",0,97042
405,"Call of Duty: Modern Warfare 3",Shaliris,2105,"Real-time strategy",6,50667
406,"Call of Duty: Modern Warfare 3: Defiance",Drelarus,2056,"Contact",0,94152
407,"Call of Duty: Modern Warfare: Mobilized",Drelarus,2067,"Puzzle",0,85802
408,"Call of Duty: Roads to Victory",JoJorg,2078,"MMORPG",6,61261
409,"Call of Duty: Strike Team",Marindis,2048,"Extreme sport",21,25633
410,"Call of Duty: United Offensive",Anayarus,2011,"Rhythm game",0,71401
411,"Call of Duty: Warzone",Kaktilar,2034,"Real-time strategy",12,76076
412,"Call of Duty: World at War",Shaktiran,2004,"Computer Role-Playing Game",21,10274
413,"Call of Duty: World at War – Final Fronts",Dorizel,2065,"MMORTS",21,10733
414,"Call of Duty: World at War – Zombies",Anargas,2044,"Dangeon Crawler",21,40240
415,"Call of Duty: WWII",Sinwind,2073,"Open RPG",12,71602
416,"Call of Juarez",Sinwind,2012,"Metroidvania",14,38898
417,"Call of Juarez: Bound in Blood",Migar,2060,"Flight simulation",21,77096
418,"Call of Juarez: Gunslinger",Corius,2111,"RTS",12,47688
419,"Call of Juarez: The Cartel",Morlumand,2026,"Building",0,63822
420,"Call to Power II",Ironfist,2058,"Open RPG",6,78755
421,"Calling",Fegor,2072,"Real-time strategy",14,56666
422,"Campfire Cooking",Felhardana,2013,"Multiplayer online battle arena",12,1271
423,"Candleman",Yorr,2024,"CRPG",12,28047
424,"Candy Crush Saga",Blackhunter,2055,"Dungeon crawl",21,94303
425,"Cannon Fodder",Zulkigore,2053,"Family",21,82791
426,"Cannon Spike",Kazrakree,2115,"Clicker",6,10255
427,"Cannon Strike",Buridred,2016,"Strategy RPG",14,84977
428,"Capitalism II",Mazulmaran,2002,"Turn-based tactic",18,74733
429,"Captain America and the Avengers",Tabei,2116,"Dungeon crawl",6,38556
430,"Captain America: Super Soldier",Shadowstalker,2037,"Survival",12,58971
431,"Captain Earth",Thorne,2020,"Arcade sport",12,74081
432,"Captain Skyhawk",Gardalabar,2039,"Trivia game",6,85979
433,"Car & Driver Presents: Grand Tour Racing  98",Gataxe,2038,"Racing",12,75259
434,"Cardinal SYN",Periris,2071,"Movie-based game",14,46391
435,"Carmageddon",Thorne,2027,"TBS",21,80112
436,"Carmageddon II: Carpocalypse Now",Batius,2059,"Fantasy",18,10350
437,"Carmageddon TDR2000",Ghobor,2033,"Tactic",18,92425
438,"Carmageddon: Reincarnation",Zolosho,2099,"Horror",12,75902
439,"Carom3D",Kaktilar,2101,"Bullet Hell",12,61934
440,"Carrier Command: Gaea Mission",Anaragda,2078,"Programming game",14,28886
441,"Carriers at War",Malalas,2059,"Action-RPG",14,49716
442,"Carriers at War (2007)",Snowworker,2086,"Arcade racer",0,80372
443,"Carriers at War 1941–1945.",Anaragda,2024,"Browser-based",0,45779
444,"Carriers at War II",Anaragda,2031,"MMOFPS",21,60871
445,"Carrion",Malagar,2011,"Wargame",0,29511
446,"Cars 2: The Video Game",Wrathfang,2054,"Quest",21,73929
447,"Cars 3: Driven to Win",Ianlune,2012,"Music game",12,52941
448,"Cars Mater-National Championship",Adonius,2110,"Interactive fiction",18,43738
449,"Castle Crashers",Snowseeker,2058,"Medetative",6,54629
450,"Castle of Illusion Starring Mickey Mouse (  1990)",Nikorisar,2008,"Global Strategy",14,79168
451,"Castle of Illusion Starring Mickey Mouse (  2013)",Malajurus,2008,"Life Sim",14,29200
452,"Castle of Magic",Thetadora,2076,"Family",12,88319
453,"Castle Strike",Anargas,2014,"Arcade racer",12,8927
454,"Castle Wolfenstein",Mera,2006,"Tower Defense",12,76521
455,"Castlevania",Melar,2034,"Eroge",12,51020
456,"Castlevania Chronicles",Malaswyn,2009,"Grand strategy wargame",14,88246
457,"Castlevania II: Simon s Quest",Dorizel,2029,"Match 3",6,67819
458,"Castlevania III: Dracula s Curse",Granilanim,2090,"MMOFPS",21,8301
459,"Castlevania Judgment",Kerne,2095,"Tactic",12,86916
460,"Castlevania Legends",Ianzius,2008,"Artillery game",21,31263
461,"Castlevania Puzzle: Encore of the Night",Broadstalker,2115,"Browser RPG",21,32975
462,"Castlevania: The Adventure",Sterndweller,2014,"Top Down Shooter",12,22431
463,"Castlevania: Aria of Sorrow",Mikasar,2027,"Survival",6,33862
464,"Castlevania: Bloodlines",Ironmaster,2003,"Business",14,71310
465,"Castlevania: Circle of the Moon",Meztikinos,2045,"Strategy RPG",14,10007
466,"Castlevania: Dawn of Sorrow",JoJorg,2031,"Bullet Hell",6,69869
467,"Castlevania: Harmony of Despair",Yggrin,2077,"Open Action",12,83225
468,"Castlevania: Harmony of Dissonance",Yggrius,2049,"Rail shooter",12,34755
469,"Castlevania: Lament of Innocence",Conjurn,2120,"Indie game",21,39940
470,"Castlevania: Lords of Shadow",Yggrius,2104,"Slasher",18,94423
471,"Castlevania: Lords of Shadow — Mirror of Fate",Bonaya,2077,"CRPG",12,30257
472,"Castlevania: Lords of Shadow 2",Kazrajar,2119,"CRPG",0,85517
473,"Castlevania: Order of Ecclesia",Meztidal,2079,"Sim Strategy",0,34891
474,"Castlevania: Order of Shadows",Arcanecaster,2030,"Virtual pet",18,8930
475,"Castlevania: Portrait of Ruin",Balladobandis,2078,"RTS",6,31073
476,"Castlevania: Rondo of Blood",Thetadora,2119,"Mini games",21,66752
477,"Castlevania: Symphony of the Night",Starbrand,2113,"TD",21,5942
478,"Castlevania: The Adventure ReBirth",Burilore,2013,"TBS",0,53496
479,"Castlevania: The Arcade",Daimuro,2081,"Business",0,15608
480,"Castlevania II: Belmonts Revenge",Ianlune,2067,"Education",12,119
481,"Casus Belli",Snowworker,2091,"Dance",21,7112
482,"The Cat Lady",Andromagar,2009,"Survival horror",12,63506
483,"Cataclysm: Dark Days Ahead",Viran,2099,"Tactic PRG",21,11966
484,"Catacomb 3-D",Stonecrusher,2048,"Artipicial Life game",6,96453
485,"Catherine",Shaktiran,2097,"Action-RPG",21,15433
486,"Caucasus: Nanatsuki no Nie",Perdred,2098,"Hunting",6,73094
487,"Cauldron",Snowworker,2107,"Programming game",0,4452
488,"The Cave",Kigashura,2106,"Spy",6,9349
489,"Cave Story",Kerne,2003,"Sports-based fighting",0,16073
490,"Ceebot",Dorizel,2099,"Side-scroling shooter",6,94340
491,"Celeste",Redmane,2009,"Toure",21,1449
492,"CellFactor: Combat Training",Ballasida,2072,"Adventure",18,31574
493,"CellFactor: Revolution",Gragrinn,2074,"Real-time 2D adventure",21,39929
494,"Centipede",Dagdador,2039,"Fishing",18,63652
495,"Centurion: Defender of Rome",Basius,2014,"Multi User Dungeon",0,38432
496,"Ceville",Saktilar,2106,"Tactic PRG",6,8903
497,"Challenge of the Ancient Empires",Goltishicage,2015,"Simulation sport",0,46387
498,"Chameleon (  2005)",Ishnginn,2011,"Point & click adventure",14,20303
499,"Champion of the Raj",Thetadora,2056,"Vehicular combat",12,91073
500,"Championship Manager 2008",Starbrand,2091,"Sports-based fighting",0,67799
501,"The Chaos Engine",Ironmaster,2055,"Open world",14,16167
502,"Chaos League",Ananara,2027,"Building",12,64518
503,"Chaos Legion",Kazahn,2091,"Arcade",14,65258
504,"Chaos on Deponia",Malalas,2077,"Zero Player Game",0,65074
505,"Chaos Overlords: Strategic Gang Warfare",Tygrarana,2096,"Fishing",0,55509
506,"Chaos Reborn",Arcaneworm,2111,"MOBA",14,44120
507,"Chaos;Child",Akikus,2106,"Construction",6,75392
508,"Chaos;Head",Mazuzragore,2044,"Indie game",6,45075
509,"Chaos: The Battle of Wizards",Balladobandis,2057,"Action-RPG",14,71119
510,"Chariots of War",Cordann,2042,"True RPG",21,61223
511,"Chase H.Q.",Anaragda,2099,"Fishing",21,43327
512,"Chaser:",Bludwing,2024,"Global Wargame",6,19603
513,"Chasm: The Rift",Adoghma,2050,"Mini games",14,71606
514,"Checkered Flag",Kazishakar,2027,"Sim Strategy",6,91936
515,"Cheese Cat-Astrophe Starring Speedy Gonzales",Ianlune,2049,"Maze",18,23938
516,"Chernobylite",Mazuzragore,2085,"Browser-based",21,29201
517,"Chess Titans",Ishnri,2015,"Education",0,42011
518,"Chessmaster",Shaktiran,2095,"Vehicle simulation",0,68212
519,"Chicago Syndicate",Adonius,2089,"Novel",14,73804
520,"Child of Eden",Doomstaff,2078,"TBS",14,99720
521,"Child of Light",Moogurr,2119,"Medetative",12,63258
522,"Children of Mana",Peginn,2075,"Electronic sports",18,10766
523,"Children of Morta",Adonius,2110,"OldSchool Action",6,56526
524,"Chinese Chess",Axehunter,2012,"DeathMatch",6,85850
525,"Chip  n Dale Rescue Rangers",Tenos,2055,"Family",6,13202
526,"Chip  n Dale Rescue Rangers 2",Bo,2082,"Sandbox",14,10963
527,"Chivalry: Medieval Warfare",Ironmaster,2079,"Grand strategy wargame",14,17443
528,"Chocobo Racing",Gavinrathis,2054,"Zero Player Game",12,7816
529,"Choplifter",Kazrakree,2088,"Battle Racing",12,75018
530,"Chrome",Morluron,2116,"Tactic",21,73619
531,"Chrome SpecForce",Thorne,2006,"Crawler",14,61171
532,"Chromium B.S.U.",Opilen,2063,"Test",0,10363
533,"The Chronicles of Narnia: Prince Caspian",Doomstaff,2119,"Hentai",12,56362
534,"The Chronicles of Narnia: The Lion the Witch and the Wardrobe",Granilanim,2005,"City-building",12,33206
535,"The Chronicles of Narnia: The Voyage of the Dawn Treader",Anamath,2098,"MOBA",6,47362
536,"The Chronicles of Riddick: Assault on Dark Athena",Kulalas,2085,"Combat",18,3045
537,"The Chronicles of Riddick: Escape from Butcher Bay",Mazragore,2071,"Education",14,20405
538,"Chrono Cross",Tesho,2020,"Dangeon Crawler",21,54837
539,"Chrono Resurrection",Mezirn,2001,"Open world",6,3366
540,"Chrono Trigger",Runesmith,2085,"Dungeon crawl",18,9499
541,"Chrono Trigger: Crimson Echoes",Ironbreaker,2083,"Sport",6,89746
542,"Chronomaster",Conjurn,2105,"Business",21,27248
543,"Chuchel",Ananara,2083,"Action-RPG",0,69547
544,"DearS",Dorizel,2096,"Real-time strategy",18,26170
545,"The Death and Return of Superman",Joron,2014,"Vehicle simulation",0,88691
546,"Death by Degrees",Fegor,2055,"First-Person",12,37794
547,"Death Gate",Thorne,2110,"Board game",0,26462
548,"Death Horizon",Thorgalv,2100,"Zero Player Game",6,96340
549,"Death Horizon: Reloaded",Buridred,2075,"Danmaku",21,40360
550,"Death Race",Voodoolkis,2105,"Microgame",12,3213
551,"Death Rally",Nuarne,2014,"Bullet Hell",18,88528
552,"Death Stranding",Bralmaran,2040,"Simulation sport",6,87643
553,"Death Track:",Morin,2036,"Slasher",6,74606
554,"DeathKeep",Kajisida,2083,"Shooter",0,59238
555,"Deathtrack",Agardana,2004,"Sim Strategy",14,34173
556,"Deathtrap",Kathrimand,2061,"True RPG",18,9927
557,"Decisive Battles.",Kijinn,2009,"Action-adventure",14,88576
558,"Decisive Battles of World War II: Across the Dnepr",Runeconjuror,2106,"Shoot'em up",21,81708
559,"Decisive Battles of World War II: Ardennes Offensive",Lightfire,2070,"Hidden object",6,29177
560,"Decisive Battles of World War II: Battles in Italy",Peginn,2027,"RTS",21,72260
561,"Decisive Battles of World War II: Battles in Normandy",Bolace,2040,"Danmaku",18,96051
562,"Decisive Battles of World War II: Korsun Pocket",Whiteseeker,2003,"Virtual pet",0,41742
563,"Deck of Ashes",Ironwing,2025,"Sports-based fighting",0,92239
564,"Deep Down",Kerad,2034,"Management simulation",0,94640
565,"Deep Duck Trouble Starring Donald Duck",Nazel,2090,"Platformer 2D",0,15383
566,"Deep Strike",Shalirn,2011,"Simulator",18,20312
567,"Deep Under the Sky",Adorari,2076,"Casual game",6,66672
568,"DEFCON",Gataxe,2034,"Side-scroller",21,59128
569,"Defender",Conjurn,2009,"Adventure",12,51092
570,"Defender 2000",Bonaya,2110,"Driving",6,11212
571,"Defender of the Crown",Dawnwing,2105,"Artillery game",6,24942
572,"Deflektor",Nuarne,2080,"Crawler",14,43020
573,"Deformers",Moogurr,2040,"Logic",18,52891
574,"DeFRaG",Bolace,2007,"Tower Defense",6,3089
575,"DeFRaGG",Kazishakar,2114,"Test",14,56214
576,"Delta",Dagdawield,2091,"Eroge",12,72629
577,"Delta Force",Meztikinos,2026,"Acrcade",14,40703
578,"Delta Force 2",Kerad,2059,"MMORTS",18,16180
579,"Delta Force Mobile",Anargas,2088,"Driving",12,99683
580,"Delta Force: Black Hawk Down",Kikree,2014,"MicroControl",18,3530
581,"Delta Force: Black Hawk Down – Team Sabre",Shaktiran,2007,"Runner",0,88086
582,"Delta Force: Land Warrior",Truthstalker,2063,"Survival",18,11407
583,"Delta Force: Task Force Dagger",Cordann,2072,"Death Racing",18,40006
584,"Delta Force: Urban Warfare",Siranius,2008,"Multiplayer online battle arena",18,97614
585,"Delta Force: Xtreme",Tojagal,2078,"Real-time tactic",21,39904
586,"Delta Force: Xtreme 2",Kigashura,2114,"Self improvment games",0,53049
587,"Deltarune",Dorizel,2044,"Rhythm game",0,33658
588,"Dementium II",Zolotaxe,2118,"Text adventure",6,98748
589,"Dementium: The Ward",Broadstalker,2119,"Co-op",0,95994
590,"Demigod",Lightfire,2086,"Fighting",14,93951
591,"Democracy 3",Tojagal,2004,"Art game",14,36944
592,"Demolition Champions",Daimuro,2115,"Arcade racer",12,10957
593,"Demolition Derby",Yggrin,2105,"Arcade racer",12,1600
594,"Demolition Derby & Figure 8 Race",Bludwing,2006,"Dangeon Crawler",21,27352
595,"Demolition Man",Runeconjuror,2084,"Wargame",18,80345
596,"Demolition Racer",Nazel,2106,"Novel",6,85285
597,"Demon City Shinjuku",Malaswyn,2028,"Shoot'em up",6,55669
598,"Demon Slayer",Shaktiran,2099,"Mini games",14,7865
599,"Demon s Crest",Morluron,2052,"Eroge",12,88991
600,"Demon s Souls",Mavemeena,2064,"Self improvment games",6,57927
601,"Demonstar",Kulalas,2092,"Massively multiplayer",6,64606
602,"Densha de Go!",Yggrius,2034,"Competitive",6,55819
603,"Deponia",Tenos,2102,"MMORTS",21,15447
604,"Gooo",Mazragore,2113,"Massive multiplayer online game",14,64720
605,"Descent",Windwood,2067,"Third-person action",0,17139
606,"Descent: FreeSpace",Siranius,2044,"Fishing",12,38373
607,"Desert Combat",Arcanecaster,2108,"Driving",21,38668
608,"Desert Demolition",Bralmaran,2104,"Vehicular combat",18,76748
609,"Desert Diner",Mudi,2001,"MMOFPS",14,18934
610,"Desert Golfing",Malalas,2077,"Party game",0,70259
611,"Desert Strike: Return to the Gulf",Nikorr,2113,"Top Down Shooter",18,48878
612,"Desert",Tesho,2059,"Pinball",0,45467
613,"Desperados 2: Cooper s Revenge",Lightfire,2105,"Driving",0,91215
614,"Desperados III",Doomstaff,2004,"Racing",6,5550
615,"Desperados: Wanted Dead or Alive",Marana,2013,"Massive multiplayer online game",12,86023
616,"Desperate Housewives: The Game",Doomstaff,2113,"Life Sim",21,6817
617,"Destiny",Malaswyn,2032,"Pinball",21,23921
618,"Destiny 2",Starfire,2058,"Open Action",18,78516
619,"Destruction Derby",Zulkigore,2048,"Singlplayer",18,56056
620,"Detention",Brazil,2026,"Family",0,1746
621,"Detroit: Become Human",Kim,2092,"Hack & Slash",0,59597
622,"Deus Ex",Tuhn,2067,"FPS",12,8090
623,"Deus Ex GO",Sterndweller,2090,"Intellectual game",18,82708
624,"Deus Ex Machina",Goltishicage,2074,"Gamble",6,33376
625,"Deus Ex: Human Revolution",Agagelv,2008,"Hentai",12,74420
626,"Deus Ex: Invisible War",Kajisida,2025,"True RPG",12,48648
627,"Deus Ex: Mankind Divided",Agagelv,2091,"Building",21,29042
628,"Deus Ex: The Fall",Snowseeker,2100,"Crawler",6,82865
629,"Devastation",Tenos,2110,"Racing",12,4974
630,"Devil May Cry",Ballath,2120,"Intellectual game",12,33275
631,"Devil May Cry 2",Burilore,2070,"Movie-based game",6,38004
632,"Devil May Cry 3: Dante s Awakening",Nikoshura,2104,"Espionage",0,11798
633,"Devil May Cry 4",Marana,2029,"Tower Defense",18,13753
634,"Devil May Cry 5",Shalirn,2030,"MicroControl",21,40624
635,"Devil s Crush",Arcaneworm,2100,"Simulation racer",12,9780
636,"Devil s Third Online",Nuadarius,2064,"Business",21,18760
637,"Devotion",Yorr,2114,"Business",21,4886
638,"Diablo",Agardana,2099,"Mass action",18,77075
639,"Diablo II",Dalanara,2023,"Social simulation game",14,55598
640,"Diablo II: Lord of Destruction",Kim,2076,"Battle Racing",21,60475
641,"Diablo III",Adorari,2082,"Vehicular combat",21,84196
642,"Diablo III: Reaper of Souls",Peginn,2026,"Economical",18,44417
643,"Diablo III: Rise of the Necromancer",Broadstalker,2118,"Gamble",21,43419
644,"Diablo IV",Burilore,2097,"Turn-based tactic",18,93160
645,"Diablo: Hellfire",Buridred,2014,"Text adventure",6,6961
646,"Diabolik Lovers",Kajisida,2016,"Space sim",0,50333
647,"Diaries of a Spaceport Janitor",Voodoolkis,2002,"Trivia game",14,50320
648,"Dick Tracy (  Realtime Associates)",Zulkigore,2003,"Shoot'em up",0,20248
649,"Dick Tracy (  Sega)",Anargas,2005,"Match 3",6,48114
650,"Dick Tracy (  Titus Interactive)",Ananara,2114,"Free to play",12,1877
651,"Dictator",Mikasar,2034,"Maze",21,69791
652,"Diddy Kong Racing",Morin,2050,"Point & click adventure",18,11286
653,"Die by the Sword",Whiteseeker,2105,"Runner",18,98064
654,"Die Hard Arcade",Bludskin,2000,"Strategy RPG",14,97635
655,"Die Hard Trilogy",Moogurr,2060,"Slasher",0,98536
656,"Die Hard: Nakatomi Plaza",Matus,2010,"Platformer 3D",14,91859
657,"Dies irae",Dagdador,2028,"Slasher",12,84619
658,"Dig Dug",Drelalis,2069,"MMORTS",6,58855
659,"The Dig",Kathridred,2023,"Combat",0,47628
660,"Digger",Dawnwing,2005,"Manager",18,27173
661,"Digimon Adventure",Yorr,2012,"Life Sim",18,37590
662,"Digital Combat Simulator",Ironfist,2012,"Open world",12,90456
663,"Digital Devil Story: Megami Tensei",Melar,2118,"Space sim",14,23746
664,"Digital: A Love Story",Migar,2096,"Technical Combat",6,29573
665,"Diluvion",Starfire,2017,"Flight simulation",21,89780
666,"Dino Crisis",Felhardana,2070,"Stealth-Action",0,933
667,"Dino Crisis 2",Doomterror,2095,"Vehicular combat",12,81411
668,"Dino Crisis 3",Anamath,2010,"RPG",6,43226
669,"Dino Stalker",Mazuzragore,2099,"Combat",6,56868
670,"Dinosaur World",Adonius,2078,"Choices",0,57458
671,"Dirge of Cerberus: Final Fantasy VII",Bludskin,2004,"Test",14,55107
672,"DiRT 3",Nuarne,2099,"Life Sim",21,6097
673,"DiRT 4",Redmane,2037,"Party game",18,4147
674,"Dirt 5",Migar,2067,"TBS",12,98002
675,"DiRT Rally",Balladomeena,2069,"Party game",12,73819
676,"DiRT: Showdown",Whispermane,2089,"Eroge",0,2355
677,"Dirty Bomb",Mazulmaran,2032,"Cardgame",18,60609
678,"Disciples II: Dark Prophecy",Thetadora,2065,"Interactive Movie",14,60545
679,"Disciples II: Gallean s Return",Mezirn,2102,"Danmaku",21,60679
680,"Disciples II: Rise of the Elves",Morlumand,2051,"Grand strategy wargame",14,66907
681,"Disciples III: Renaissance",Shalirn,2089,"Pinball",12,4849
682,"Disciples: Sacred Lands",Arcanecaster,2118,"Trivia game",12,18151
683,"Discipline: Record of a Crusade",Goltishicage,2107,"Dating Sim",14,5298
684,"Disco Elysium",Yozshutaur,2110,"Hack & Slash",12,23123
685,"Discworld",Nikorisar,2106,"Wargame",12,31073
686,"Discworld II",Starbrand,2034,"Tycoon",14,85222
687,"Disgaea 2: Cursed Memories",Runeconjuror,2009,"Global Strategy",14,73784
688,"Disgaea: Hour of Darkness",Starbrand,2053,"Visual novel",12,37018
689,"Dishonored",Ironbreaker,2089,"Adventure",14,57573
690,"Dishonored 2",Kigashura,2054,"Simulation racer",6,9231
691,"Dishonored: Death of the Outsider",Muni,2062,"Arcade sport",6,54151
692,"Disney Infinity",Drelalis,2022,"Point & click adventure",21,83777
693,"Disney Universe",Yggrin,2101,"Shooter",18,65473
694,"Disney s Action Game Featuring Hercules",Mazulmaran,2047,"CRPG",14,77349
695,"Disney s Aladdin (Capcom)",Muni,2023,"Role-playing",0,21487
696,"Disney s Aladdin (Virgin Interactive)",Anamath,2062,"Crawler",0,21390
697,"Disney s Aladdin in Nasira s Revenge",Zolosho,2106,"Rail shooter",14,90551
698,"Disney s The Little Mermaid",Gragrinn,2060,"Acrcade",21,65682
699,"Disney s The Little Mermaid II",Whispermane,2070,"MMOFPS",21,40859
700,"Disruptor",Runeconjuror,2049,"Open world",14,34577
701,"Dissidia 012 Final Fantasy",Peginn,2062,"Contact",6,40353
702,"Dissidia Final Fantasy",Nuarne,2012,"Fantasy",14,82112
703,"Ecco: The Tides of Time",Malajurus,2067,"Espionage",21,192
704,"Echo Night",Bubandis,2011,"Clicker",18,46842
705,"Eco Fighters",Runesmith,2005,"Logic",12,20558
706,"EcoQuest: The Search for Cetus",Mazuzragore,2051,"Dance",14,67819
707,"Ecstatica",Shaliris,2032,"Hero",0,57515
708,"Ecstatica II",Balladomeena,2097,"Maze",12,12898
709,"Edge",Sterndweller,2101,"Adventure",18,94948
710,"Edna & Harvey: Harvey s New Eyes",Nilargas,2070,"Puzzle",0,9868
711,"Edna & Harvey: The Breakout",Anamath,2110,"Mini games",12,25247
712,"Eets",Viran,2076,"DeathMatch",14,49081
713,"Ef: A Fairy Tale of the Two",Kim,2075,"Survival horror",18,70980
714,"Ehrgeiz",Daginn,2116,"Test",18,86876
715,"Einhänder",Shaktiran,2062,"Novel",6,71867
716,"Eisenbahn.exe Professional",Bo,2084,"Massive multiplayer online game",18,71983
717,"El Matador",Dorizel,2039,"Choices",18,13443
718,"Elasto Mania",Perdred,2110,"Art game",14,58057
719,"Elden Ring",Ironcrusher,2062,"Arcade sport",18,15875
720,"The Elder Scrolls Adventures: Redguard",Perilbine,2102,"Sim Strategy",14,56556
721,"The Elder Scrolls II: Daggerfall",Moogur,2093,"Metroidvania",18,1716
722,"The Elder Scrolls III: Morrowind",Morlumand,2009,"Platformer 2D",21,76226
723,"The Elder Scrolls III: Bloodmoon",Snowworker,2087,"Multiplayer online battle arena",18,82324
724,"The Elder Scrolls III: Tribunal",Cordann,2057,"Simulator",12,94746
725,"The Elder Scrolls IV: Knights of the Nine",Kazahn,2067,"Dance",14,18097
726,"The Elder Scrolls IV: Oblivion",Kerad,2104,"Visual novel",21,31282
727,"The Elder Scrolls IV: Oblivion Mobile",Andromagar,2062,"Virtual pet",18,7844
728,"The Elder Scrolls IV: Shivering Isles",Stonecrusher,2097,"FPS",6,60435
729,"Electro Man",Nilalanim,2117,"FPS",0,52608
730,"Elemental Master",Nuadarius,2100,"Simulator",6,57914
731,"Elemental: War of Magic",Kathrimand,2073,"Real-time strategy",21,22636
732,"FIFA 12",Ananara,2078,"Statistical sport",21,87162
733,"FIFA 13",Nikorr,2005,"Medetative",21,9660
734,"FIFA 14",Yozshubar,2114,"Hidden object",0,28085
735,"FIFA 15",Balladomeena,2062,"Hidden object",21,65984
736,"FIFA 16",Nalmelas,2009,"Competitive",18,5541
737,"FIFA 17",Yorr,2054,"MMORPG",14,69979
738,"Fighting Force",Kaktilar,2088,"Text adventure",18,94031
739,"Fighting Masters",Ballath,2014,"Artillery game",18,5182
740,"Fighting Vipers",Tojagal,2099,"Tycoon",18,63908
741,"Fighting Vipers 2",Malalas,2102,"Hack & Slash",18,93270
742,"Filler",Fegor,2075,"Music game",0,18014
743,"Final Approach",Wrathfang,2050,"Tower Defense",18,44100
744,"Final Doom",Yggrin,2061,"Train simulation",21,45129
745,"",Auririm,2083,"Party game",14,81844
746,"Flappy Bird",Celmeena,2056,"Cardgame",14,68742
747,"Flashback",Nazel,2036,"Adventure",18,67246
748,"FlatOut",Buridred,2041,"Danmaku",6,26657
749,"FlatOut (Wii)",Anargas,2046,"Maze",12,15701
750,"FlatOut 2",Gragrinn,2102,"Train simulation",18,21626
751,"FlatOut 3: Chaos & Destruction",Ianlune,2102,"Hero",14,92564
752,"FlatOut 4: Total Insanity",Tenos,2017,"Rhythm game",6,60650
753,"FlatOut Racing",Nikorr,2023,"Novel",18,69638
754,"Game Dev Tycoon",Zulkigul,2101,"RTT",18,35010
755,"Game of Thrones (  2012)",Tygrarana,2068,"Hunting",12,5091
756,"Game of Thrones (  2014)",Dorizel,2077,"Technical Combat",6,36457
757,"A Game of Thrones: Genesis",Gagas,2024,"Dating Sim",14,1030
758,"Game Room",Kulalas,2098,"Intellectual game",6,22577
759,"Ganba Bouken Tachi",Kazahn,2038,"Intellectual game",6,48555
760,"Gang Beasts",Cenius,2109,"Self improvment games",14,25043
761,"Gang Garrison 2",Perilbine,2076,"Electronic sports",14,17133
762,"GanjaWars",Balladobandis,2049,"Maze",0,65320
763,"Gardenscapes",Kazrajar,2008,"Economical",14,76162
764,"Garena Free Fire",Bludwing,2039,"Multi User Dungeon",0,83504
765,"Garfield (  2004)",Ballath,2045,"Mini games",12,36400
766,"Garfield: Caught in the Act",Opiril,2101,"Strategy RPG",21,59175
767,"Gargoyles",Tenos,2117,"Top Down Shooter",18,20430
768,"Garry s Mod",Goltishicage,2033,"Side-scroller",18,12031
769,"Gasketball",Malaswyn,2046,"Arcade",14,38307
770,"Gates of Troy",Viran,2009,"Extreme sport",21,58313
771,"Goofy s Hysterical History Tour",Viran,2044,"Art game",18,21791
772,"Gore: Ultimate Soldier",Adonius,2045,"Match 3",6,43610
773,"Gorf",Stonecrusher,2111,"Music game",21,55444
774,"Gorky 17",Zolotaxe,2078,"Fighting",21,43913
775,"Gorky Zero: Beyond Honor",Zulkigul,2086,"Death Racing",14,54067
776,"Gorogoa",Ygglanim,2106,"Art game",6,17925
777,"Green Green",Truthstalker,2051,"Action-RPG",21,59472
778,"Green Lantern: Rise of the Manhunters",Ironbreaker,2003,"Free to play",0,41769
779,"Gremlins Inc.",Gardalabar,2090,"Real-time 2D adventure",21,72779
780,"Grey Goo",Saktilar,2009,"Fighting",0,53980
781,"GRID 2",Kazrajar,2076,"Movie-based game",12,7189
782,"GRID Autosport",Truthstalker,2006,"RTT",6,85773
783,"Grim Dawn",Adorari,2044,"FPS",21,26780
784,"Grim Fandango",Fordrebandis,2042,"Global Strategy",18,37353
785,"Grimlands",Sinwind,2119,"Building",14,39521
786,"Gris",Dagdawield,2045,"Sports-based fighting",18,68673
787,"Ground Control",Mazuzragore,2106,"Interactive Movie",14,94467
788,"Ground Control II: Operation Exodus",Kaktilar,2051,"MMORTS",18,36302
789,"Grow Home",Thetadora,2051,"Party game",18,75550
790,"GTFO",Zolosho,2042,"Platformer 3D",14,3960
791,"Guacamelee!",Buridred,2101,"Computer Role-Playing Game",18,32968
792,"The Guardian Legend",Bolace,2090,"RPG",0,8371
793,"",Batius,2113,"Roguelike",12,46698
794,"H2O: Footprints in the Sand",Agardana,2115,"Strategy",18,34951
795,"Hachigatsu no Cinderella Nine",Migar,2020,"Open RPG",18,68549
796,"Haegemonia: Legions of Iron",Moogurr,2028,"Tactic",6,86788
797,"Hakuisei Aijou Izonshou",Tygrarana,2113,"Test",6,96813
798,"Hakuisei Renai Shoukougun",Malajurus,2108,"FPS",0,82168
799,"Hakushaku to Yousei",Meztidal,2029,"Dance",21,44379
800,"Half-Life",Nikorisar,2119,"Spy",12,45671
801,"Half-Life 1 Anthology",Opiril,2039,"Clicker",14,43329
802,"Half-Life 2",Stoneray,2044,"Computer Role-Playing Game",12,58335
803,"Harry Potter and the Prisoner of Azkaban",Zolosho,2071,"Singlplayer",0,16451
804,"Harry Potter: Mastering Magic",Malalas,2045,"Mass action",18,26263
805,"Harry Potter: Quidditch World Cup",Starbrand,2002,"Rhythm game",21,79145
806,"Harry Potter: Wizards Unite",Dawnwing,2057,"Real-time tactic",0,83838
807,"Harvester",Mikasar,2025,"Co-op",14,43371
808,"A Hat in Time",Kerad,2100,"Computer Role-Playing Game",0,5948
809,"Hatred",Mazulmaran,2059,"Technical Combat",18,2224
810,"Hatsune Miku: Project DIVA",Opiril,2054,"Eroge",18,46277
811,"Hatsune Miku: Project DIVA 2nd",Kazahn,2071,"Stealth-Action",6,33978
812,"Hattrick",Ironcrusher,2002,"Medetative",18,41938
813,"Nancy Drew: The Haunted Carousel",Corius,2009,"Light gun",6,38012
814,"Haunted Castle",Marana,2091,"Wargame",0,50139
815,"Haunted House",Mazuzragore,2024,"Tycoon",0,41759
816,"Hitman GO",Beazetus,2058,"Dangeon Crawler",21,85222
817,"Hitman: Absolution",Axehunter,2058,"Self improvment games",12,48765
818,"Hitman: Blood Money",Dalanara,2098,"Building",21,53670
819,"Hitman: Codename 47",Doomterror,2107,"Multi User Dungeon",12,99021
820,"Hitman: Contracts",Anargas,2053,"God sim",21,13340
821,"Hitman: Sniper",Moranin,2109,"Multiplayer online battle arena",18,13570
822,"Hitman: Sniper Challenge",Tenos,2051,"Business",0,43001
823,"Hob",Dorizel,2062,"Vehicle simulation",18,76938
824,"The Hobbit (  1982)",Bludskin,2071,"Action-adventure",14,21780
825,"The Hobbit (  2003)",Shadowstalker,2096,"Contact",12,62315
826,"Hogs of War",Burilore,2082,"Music game",14,85621
827,"Hohokum",Daginn,2072,"Match 3",6,23056
828,"Hollow Knight",Shadowstalker,2111,"Simulation racer",14,16715
829,"Home Alone (  2006)",Nikorr,2039,"Indie game",18,19525
830,"Home Alone",Tygrarana,2046,"Zen",6,71867
831,"Home Alone 2: Lost in New York",Kulalas,2023,"FPS",12,51539
832,"I Have No Mouth and I Must Scream",Runeconjuror,2043,"Hunting",14,51502
833,"I Wanna Be the Guy",Bolace,2029,"Horror",21,97238
834,"I-Ninja",Dawnwing,2015,"Zen",12,53892
835,"I-War",Shaliris,2088,"Sport",18,2113
836,"I-War (Atari Jaguar)",Kazrakree,2111,"Browser RPG",0,42921
837,"I Robot",Doomterror,2021,"Roguelike",21,60601
838,"I.G.I.-2: Covert Strike",Starbrand,2055,"Mass action",21,64395
839,"Ice Age 2: The Meltdown",Sinwind,2036,"Third-person shooter",21,47804
840,"Ice Age: Dawn of the Dinosaurs",Kaktilar,2104,"Movie-based game",14,80555
841,"Imperial Glory",Kigashura,2054,"Manager",12,41362
842,"Imperialism",Tuhn,2063,"Strategy",18,81016
843,"Imperishable Night",Kerne,2120,"God sim",6,34333
844,"Imperium Galactica",Starfire,2102,"Fantasy",14,19681
845,"Imperium Galactica II: Alliances",Yggrius,2116,"Fishing",18,5811
846,"Imperium Romanum",Tagore,2079,"Train simulation",14,54556
847,"Impire",Kazahn,2119,"Real-time tactic",14,69215
848,"Impossible Creatures",Marana,2004,"Strategy RPG",21,86532
849,"The Impossible Game",Doomsong,2035,"Vehicle simulation",14,94435
850,"In Search of the Lost Future",Shadowstalker,2101,"Open RPG",6,70871
851,"In the Groove",Gavinrathis,2026,"Hidden object",12,57427
852,"In the Groove 2",Shaliris,2102,"Co-op",14,748
853,"In the Hunt",Doomstone,2094,"Family",18,66418
854,"In the Valley of Gods",Doomstone,2057,"Flight simulation",18,90698
855,"Jeanne d Arc",Monadar,2082,"Side-scroller",0,50485
856,"Jet Moto",Shalilmeena,2054,"Trivia game",6,44179
857,"Jet Set Radio",Mnege,2090,"TD",12,32096
858,"Jet Set Radio Future",Wrathfang,2067,"RPG",18,95471
859,"Jet Set Willy",Axehunter,2008,"Intellectual game",18,21454
860,"Jet-Story",Kelenin,2024,"Global Wargame",12,16473
861,"Jetpac",Melar,2029,"Cardgame",14,84120
862,"Jets n Guns",Bludskin,2028,"Art game",14,13980
863,"Jiburiru: The Devil Angel",Migar,2048,"Computer Role-Playing Game",14,22165
864,"Joe & Mac Caveman Ninja",Opilen,2069,"Classic Quest",14,2248
865,"Joe Blade",Adonius,2030,"True RPG",0,7328
866,"John Saul s Blackstone Chronicles",Shadowstalker,2029,"Artipicial Life game",6,45759
867,"Johnny Bazookatone",Migar,2037,"Toure",12,78458
868,"Joint Operations: Escalation",Whiteseeker,2061,"OldSchool Action",21,76650
869,"Kanojo × Kanojo × Kanojo",Bludskin,2060,"Browser-based",0,86472
870,"Kanon",Dianadar,2092,"Sports-based fighting",14,62057
871,"Kantai Collection",Celmeena,2033,"Action-RPG",0,61540
872,"Karate Champ",Bludfont,2036,"Singlplayer",18,30417
873,"Karateka",Gataxe,2099,"Third-person shooter",18,74766
874,"Karos Online",Drelarus,2091,"Vehicular combat",14,84993
875,"KartRider",Mera,2021,"Action",0,69719
876,"Kashimashi: Girl Meets Girl",Kim,2102,"Side-scroling shooter",18,16428
877,"Kasumi Ninja",Goltigrel,2056,"Education",6,82979
878,"Katahane",Kelenin,2037,"Survival horror",21,6564
879,"Katamari Damacy",Celmeena,2080,"Browser-based",0,84903
880,"Katana Zero",Snowworker,2026,"MMORTS",21,32316
881,"Katawa Shoujo",Nikoshura,2029,"Wargame",12,57441
882,"Last Chaos",Opiril,2101,"God sim",12,41678
883,"Last Day of June",Anaragda,2044,"Test",21,25337
884,"The Last Express",Bonaya,2049,"Platformer 2D",21,92660
885,"The Last Guardian",Kathridred,2041,"Multi User Dungeon",6,37794
886,"The Last Mission",Runefire,2069,"Clicker",18,22147
887,"The Last Ninja",Bludwing,2085,"Management simulation",21,76285
888,"The Last of Us",Sterndweller,2048,"MMOFPS",12,44995
889,"The Last of Us Part II",Kulalas,2076,"Trivia game",0,89456
890,"The Last of Us Remastered",Tabei,2093,"Racing",6,77906
891,"The Last of Us: Left Behind",Gragrinn,2021,"Metroidvania",12,84825
892,"Last Period: The Story of an Endless Spiral",Ironfist,2076,"Global Wargame",6,83995
893,"The Last Remnant",Bonaya,2099,"Bullet Hell",12,73573
894,"Last Resort",Whispermane,2046,"Space sim",21,45446
895,"The Last Story",Perilbine,2060,"Flight simulation",21,8995
896,"Last Voyage",Basius,2044,"Mini games",21,37418
897,"Late Shift",Brazil,2096,"Multiplayer online battle arena",21,75175
898,"Law & Order: Legacies",Morluron,2076,"OldSchool Action",6,70801
899,"LawBreakers",Runesmith,2020,"City-building",18,30033
900,"Layers of Fear",Zolotaxe,2014,"Education",14,79597
901,"Layers of Fear: Inheritance",Balladomeena,2012,"Racing",18,75766
902,"LBX",Kigashura,2011,"Trivia game",18,52105
903,"Lead and Gold: Gangs of the Wild West",Bolace,2079,"Art game",6,77856
904,"Leader Board",Adorari,2085,"Test",14,59448
905,"League of Legends",Kijinn,2028,"Maze",14,3435
906,"League of Legends: Wild Rift",Nikoshura,2053,"MMORPG",6,2358
907,"Leaving Lyndow",Ironcrusher,2027,"Puzzle",21,32364
908,"Left 4 Dead",Tuhn,2103,"Education",0,33654
909,"Left 4 Dead 2",Kazrajar,2026,"Open Action",14,25034
910,"Left Alive",Kelenin,2068,"Train simulation",12,8
911,"Legacy of Kain: Defiance",Saktilar,2058,"Action-RPG",14,43555
912,"Legacy of Kain: Soul Reaver",Runefire,2099,"Multi User Dungeon",6,27392
913,"Legacy of Kain: Soul Reaver 2",Monadar,2063,"Turn-based strategy",6,48124
914,"Legal Crime",Dagdador,2016,"Casual game",21,42329
915,"The Legend of Dragoon",Gardalabar,2046,"Non-linear",6,26290
916,"Legend of Grimrock",Mazuzragore,2117,"Turn-based tactic",21,721
917,"Legend of Grimrock 2",Morlumand,2000,"Party game",14,8914
918,"Last Chaos",Tenos,2037,"Shooter",0,17717
919,"Last Day of June",Matus,2095,"Pinball",0,26764
920,"The Last Express",Tygrarana,2005,"Trivia game",21,45547
921,"The Last Guardian",Thetadora,2073,"Maze",18,20860
922,"The Last Mission",Yggrin,2003,"Survival horror",21,21543
923,"The Last Ninja",Dagdawield,2006,"Novel",18,405
924,"The Last of Us",Anaragda,2118,"Platformer 2D",6,1185
925,"The Last of Us Part II",JoJorg,2051,"MMORTS",12,63029
926,"The Last of Us Remastered",Sinwind,2028,"Driving",12,30452
927,"The Last of Us: Left Behind",Arcaneworm,2100,"MMORTS",12,48482
928,"Last Period: The Story of an Endless Spiral",Snowseeker,2024,"Grand strategy wargame",12,18830
929,"The Last Remnant",Morin,2068,"Browser RPG",14,10867
930,"Last Resort",Malagar,2018,"Platformer 2D",0,36070
931,"The Last Story",Snowseeker,2105,"Acrcade",12,61229
932,"Last Voyage",Perilbine,2117,"Microgame",14,83827
933,"Late Shift",Kelenin,2036,"Sports-based fighting",18,49014
934,"Law & Order: Legacies",Ballath,2117,"Vehicular combat",6,2727
935,"LawBreakers",Melar,2076,"Death Racing",14,9983
936,"Layers of Fear",Granilanim,2053,"Zero Player Game",12,13461
937,"Layers of Fear: Inheritance",Yggrin,2067,"Rail shooter",6,27031
938,"LBX",JoJorg,2005,"Sports-based fighting",12,95748
939,"Lead and Gold: Gangs of the Wild West",Morin,2119,"Point & click adventure",18,13529
940,"Leader Board",Whispermane,2111,"OldSchool Action",6,30012
941,"League of Legends",Blackhunter,2065,"Survival",21,48554
942,"League of Legends: Wild Rift",Adorari,2101,"Statistical sport",21,57761
943,"Leaving Lyndow",Mezirn,2023,"Competitive",12,71411
944,"Left 4 Dead",Felhardana,2093,"Roguelike",18,96363
945,"Left 4 Dead 2",Broadstalker,2005,"Hentai",14,62285
946,"Left Alive",Runesmith,2059,"Combat",6,85630
947,"Legacy of Kain: Defiance",Ironcrusher,2068,"Art game",6,52257
948,"Legacy of Kain: Soul Reaver",Snowseeker,2086,"Artipicial Life game",12,79964
949,"Legacy of Kain: Soul Reaver 2",Ironfist,2029,"MMORTS",18,6629
950,"Legal Crime",Balladomeena,2057,"Statistical sport",0,28797
951,"The Legend of Dragoon",Starfire,2112,"Dating Sim",21,83801
952,"Legend of Grimrock",Tuhn,2009,"Wargame",6,44742
953,"Legend of Grimrock 2",Mavejurus,2071,"Run and gun",12,12606
954,"LEGO Legends of Chima: Laval s Journey",Thetadora,2089,"MMOFPS",18,35796
955,"LEGO Marvel Super Heroes",Bo,2005,"Death Racing",14,92226
956,"LEGO Marvel Super Heroes 2",Bubandis,2027,"Test",0,24496
957,"The Little Mermaid: Magic in Two Kingdoms",Balladomeena,2112,"Multi User Dungeon",14,62848
958,"Little Nemo: The Dream Master",Malolak,2099,"Real-time 2D adventure",14,79290
959,"Little Nightmares",Adonius,2058,"Pinball",18,46744
960,"Little Nightmares 2",Rageeye,2106,"Visual novel",21,60634
961,"Little Samson",Corius,2072,"Action-adventure",21,66118
962,"LittleBigPlanet",Bubandis,2073,"TD",18,68660
963,"LittleBigPlanet 2",Corius,2104,"Roguelike",21,44814
964,"LittleBigPlanet 3",Fordrebandis,2093,"Arcade sport",6,99627
965,"LittleBigPlanet Karting",Bludwing,2017,"Death Racing",21,81751
966,"Live A Live",Akikus,2077,"Hero",21,47136
967,"Live for Speed",Ironmaster,2022,"Building",18,48463
968,"Mage: The Awakening",Ianlune,2074,"Spy",12,91499
969,"Mageslayer",Ballath,2072,"Action-adventure",21,74000
970,"Magic and Mayhem",Yozshubar,2105,"Singlplayer",12,52365
971,"Magic Carpet",Opilen,2010,"Browser RPG",18,35785
972,"Magic Duels",Adoghma,2074,"Board game",14,46507
973,"Magic: The Gathering — Duels of the Planeswalkers",Ananara,2006,"Dangeon Crawler",14,13794
974,"Magic: The Gathering (MicroProse)",Mnege,2112,"Real-time tactic",14,27275
975,"Magic: The Gathering Arena",Adorari,2029,"Toure",6,63967
976,"Magical Canan",Redmane,2049,"Dance",18,45961
977,"Magical Chase",Gataxe,2006,"Management simulation",14,87335
978,"Magical Girl Lyrical Nanoha",Balladobandis,2042,"Social simulation game",14,84946
979,"Master of Epic",JoJorg,2009,"Survival horror",18,32416
980,"Master of Magic",Kazrakree,2023,"Artipicial Life game",12,77197
981,"Master of Orion",Nalmelas,2028,"Death Racing",6,36214
982,"Master of Orion II: Battle at Antares",Marana,2083,"MMORTS",6,11826
983,"Master of Orion III",Balladobandis,2035,"Real-time 2D adventure",0,72959
984,"Master of Orion: Conquer the Stars",Kulalas,2043,"Party game",21,49461
985,"The Masterplan",Starfire,2086,"Real-time 2D adventure",21,6011
986,"Masters Of The World: Geopolitical Simulator 3",Faerisar,2093,"Hentai",21,97297
987,"The Matrix Online",Tuhn,2077,"Adventure",21,6478
988,"The Matrix: Path of Neo",Steelfury,2118,"Survival",21,85074
989,"Max Payne",Dawnwing,2070,"Sandbox",12,67911
990,"Max Payne 2: The Fall of Max Payne",Mavejurus,2074,"Zen",6,37579
991,"Max Payne 3",Shaktiran,2059,"Platformer 2D",0,92799
992,"Max: The Curse of Brotherhood",Shadowstalker,2028,"Browser RPG",18,71039
993,"Maximo",Gavinrathis,2042,"Multiplayer online battle arena",6,76998
994,"Maze War",Melar,2048,"Sandbox",14,93168
995,"Mazes of Fate",Kerad,2099,"Building",0,18246
996,"Obduction",Mera,2032,"Education",12,65681
997,"Oblivion Lost",Perilbine,2109,"Hidden object",12,93065
998,"Obocchamakun",Anayarus,2050,"Roguelike",6,31684
999,"Patapon 3",Kigashura,2055,"Top Down Shooter",12,93398
